player_id,name,club,status,match_score,ea_overall,detail
ARS01,David Raya,ARS,MATCHED,score=1.00,ea_overall=87,attrs_from_ea=29
ARS02,Kepa Arrizabalaga,ARS,MATCHED,score=1.00,ea_overall=79,attrs_from_ea=29
ARS03,Illan Meslier,ARS,MATCHED,score=1.00,ea_overall=72,attrs_from_ea=29
ARS04,William Saliba,ARS,MATCHED,score=1.00,ea_overall=87,attrs_from_ea=25
ARS05,Ben White,ARS,MATCHED,score=1.00,ea_overall=83,attrs_from_ea=25
ARS06,Gabriel Magalhaes,ARS,MATCHED,score=1.00,ea_overall=88,attrs_from_ea=25
ARS07,Piero Hincapie,ARS,MATCHED,score=1.00,ea_overall=83,attrs_from_ea=25
ARS08,Jurrien Timber,ARS,MATCHED,score=1.00,ea_overall=82,attrs_from_ea=25
ARS09,Riccardo Calafiori,ARS,MATCHED,score=1.00,ea_overall=78,attrs_from_ea=25
ARS10,Ezri Konsa,ARS,MATCHED,score=1.00,ea_overall=82,attrs_from_ea=25
ARS11,Myles Lewis-Skelly,ARS,MATCHED,score=1.00,ea_overall=78,attrs_from_ea=25
ARS12,Martin Zubimendi,ARS,MATCHED,score=1.00,ea_overall=83,attrs_from_ea=25
ARS13,Declan Rice,ARS,MATCHED,score=1.00,ea_overall=87,attrs_from_ea=25
ARS14,Bruno Guimaraes,ARS,MATCHED,score=1.00,ea_overall=86,attrs_from_ea=25
ARS15,Martin Odegaard,ARS,MATCHED,score=1.00,ea_overall=87,attrs_from_ea=25
ARS16,Mikel Merino,ARS,MATCHED,score=1.00,ea_overall=83,attrs_from_ea=25
ARS17,Eberechi Eze,ARS,MATCHED,score=1.00,ea_overall=83,attrs_from_ea=25
ARS18,Ethan Nwaneri,ARS,MATCHED,score=1.00,ea_overall=76,attrs_from_ea=25
ARS19,Bukayo Saka,ARS,MATCHED,score=1.00,ea_overall=88,attrs_from_ea=25
ARS20,Gabriel Martinelli,ARS,MATCHED,score=1.00,ea_overall=81,attrs_from_ea=25
ARS21,Noni Madueke,ARS,MATCHED,score=0.90,ea_overall=80,attrs_from_ea=25
ARS22,Christos Tzolis,ARS,MATCHED,score=1.00,ea_overall=80,attrs_from_ea=25
ARS23,Viktor Gyokeres,ARS,MATCHED,score=1.00,ea_overall=87,attrs_from_ea=25
ARS24,Kai Havertz,ARS,MATCHED,score=1.00,ea_overall=82,attrs_from_ea=25
ARS25,Gabriel Jesus,ARS,AMBIGUOUS(3),,
ARS25,Gabriel Jesus,ARS,MATCHED,score=1.00,ea_overall=80,attrs_from_ea=25
AVL01,Zion Suzuki,AVL,MATCHED,score=1.00,ea_overall=74,attrs_from_ea=29
AVL02,Marco Bizot,AVL,MATCHED,score=1.00,ea_overall=78,attrs_from_ea=29
AVL03,Matty Cash,AVL,MATCHED,score=1.00,ea_overall=79,attrs_from_ea=25
AVL04,Victor Lindelof,AVL,MATCHED,score=1.00,ea_overall=75,attrs_from_ea=25
AVL05,Taylor Harwood-Bellis,AVL,AMBIGUOUS(3),,
AVL05,Taylor Harwood-Bellis,AVL,MATCHED,score=1.00,ea_overall=74,attrs_from_ea=25
AVL06,Tyrone Mings,AVL,MATCHED,score=1.00,ea_overall=78,attrs_from_ea=25
AVL07,Pau Torres,AVL,MATCHED,score=1.00,ea_overall=80,attrs_from_ea=25
AVL08,Matteo Ruggeri,AVL,MATCHED,score=1.00,ea_overall=75,attrs_from_ea=25
AVL09,Lamare Bogarde,AVL,MATCHED,score=1.00,ea_overall=71,attrs_from_ea=25
AVL10,John McGinn,AVL,MATCHED,score=1.00,ea_overall=81,attrs_from_ea=25
AVL11,Boubacar Kamara,AVL,MATCHED,score=1.00,ea_overall=83,attrs_from_ea=25
AVL12,Amadou Onana,AVL,MATCHED,score=1.00,ea_overall=79,attrs_from_ea=25
AVL13,Joao Gomes,AVL,MATCHED,score=1.00,ea_overall=78,attrs_from_ea=25
AVL14,Ross Barkley,AVL,MATCHED,score=1.00,ea_overall=77,attrs_from_ea=25
AVL15,Emiliano Buendia,AVL,MATCHED,score=1.00,ea_overall=77,attrs_from_ea=25
AVL16,Evann Guessand,AVL,MATCHED,score=1.00,ea_overall=79,attrs_from_ea=25
AVL17,Alejandro Garnacho,AVL,MATCHED,score=1.00,ea_overall=77,attrs_from_ea=25
AVL18,Ibrahim Mbaye,AVL,MATCHED,score=1.00,ea_overall=68,attrs_from_ea=25
AVL19,Johan Manzambi,AVL,MATCHED,score=1.00,ea_overall=67,attrs_from_ea=25
AVL20,Ollie Watkins,AVL,MATCHED,score=1.00,ea_overall=84,attrs_from_ea=25
BHA01,Bart Verbruggen,BHA,MATCHED,score=1.00,ea_overall=78,attrs_from_ea=29
BHA02,Jason Steele,BHA,MATCHED,score=1.00,ea_overall=73,attrs_from_ea=29
BHA03,Tom McGill,BHA,MATCHED,score=1.00,ea_overall=62,attrs_from_ea=29
BHA04,Lewis Dunk,BHA,MATCHED,score=1.00,ea_overall=77,attrs_from_ea=25
BHA05,Adam Webster,BHA,MATCHED,score=1.00,ea_overall=75,attrs_from_ea=25
BHA06,Pascal Struijk,BHA,MATCHED,score=1.00,ea_overall=76,attrs_from_ea=25
BHA07,Igor Julio,BHA,MATCHED,score=1.00,ea_overall=76,attrs_from_ea=25
BHA08,Jan Paul van Hecke,BHA,MATCHED,score=1.00,ea_overall=80,attrs_from_ea=25
BHA09,Jaouen Hadjam,BHA,MATCHED,score=1.00,ea_overall=69,attrs_from_ea=25
BHA10,Luka Vuskovic,BHA,MATCHED,score=1.00,ea_overall=72,attrs_from_ea=25
BHA11,Tariq Lamptey,BHA,MATCHED,score=1.00,ea_overall=73,attrs_from_ea=25
BHA12,Joel Veltman,BHA,MATCHED,score=1.00,ea_overall=78,attrs_from_ea=25
BHA13,Ferdi Kadioglu,BHA,MATCHED,score=1.00,ea_overall=79,attrs_from_ea=25
BHA14,Mats Wieffer,BHA,MATCHED,score=1.00,ea_overall=78,attrs_from_ea=25
BHA15,Matt O'Riley,BHA,MATCHED,score=0.93,ea_overall=78,attrs_from_ea=25
BHA16,Jack Hinshelwood,BHA,MATCHED,score=1.00,ea_overall=75,attrs_from_ea=25
BHA17,Chema Andres,BHA,MATCHED,score=1.00,ea_overall=63,attrs_from_ea=25
BHA18,Malick Yalcouye,BHA,MATCHED,score=1.00,ea_overall=71,attrs_from_ea=25
BHA19,Pascal Gross,BHA,MATCHED,score=1.00,ea_overall=80,attrs_from_ea=25
BHA20,Kaoru Mitoma,BHA,MATCHED,score=1.00,ea_overall=82,attrs_from_ea=25
BHA21,Yankuba Minteh,BHA,MATCHED,score=1.00,ea_overall=77,attrs_from_ea=25
BHA22,Georginio Rutter,BHA,MATCHED,score=1.00,ea_overall=77,attrs_from_ea=25
BHA23,Stefanos Tzimas,BHA,MATCHED,score=1.00,ea_overall=72,attrs_from_ea=25
BHA24,Ibrahim Osman,BHA,MATCHED,score=1.00,ea_overall=72,attrs_from_ea=25
BHA25,Promise David,BHA,MATCHED,score=1.00,ea_overall=75,attrs_from_ea=25
BOU01,Djordje Petrovic,BOU,MATCHED,score=1.00,ea_overall=80,attrs_from_ea=29
BOU02,Michele Di Gregorio,BOU,MATCHED,score=1.00,ea_overall=81,attrs_from_ea=29
BOU03,Julian Araujo,BOU,MATCHED,score=1.00,ea_overall=74,attrs_from_ea=25
BOU04,Adrien Truffert,BOU,MATCHED,score=1.00,ea_overall=77,attrs_from_ea=25
BOU05,James Hill,BOU,MATCHED,score=1.00,ea_overall=71,attrs_from_ea=25
BOU06,Adam Smith,BOU,MATCHED,score=1.00,ea_overall=73,attrs_from_ea=25
BOU07,Antonio Silva,BOU,MATCHED,score=1.00,ea_overall=78,attrs_from_ea=25
BOU08,Juanlu Sanchez,BOU,AMBIGUOUS(2),,
BOU08,Juanlu Sanchez,BOU,MATCHED,score=1.00,ea_overall=75,attrs_from_ea=25
BOU09,Julio Soler,BOU,MATCHED,score=1.00,ea_overall=68,attrs_from_ea=25
BOU10,Lewis Cook,BOU,MATCHED,score=1.00,ea_overall=79,attrs_from_ea=25
BOU11,David Brooks,BOU,MATCHED,score=1.00,ea_overall=75,attrs_from_ea=25
BOU12,Alex Scott,BOU,AMBIGUOUS(2),,
BOU12,Alex Scott,BOU,MATCHED,score=1.00,ea_overall=74,attrs_from_ea=25
BOU13,Ryan Christie,BOU,MATCHED,score=1.00,ea_overall=79,attrs_from_ea=25
BOU14,Tyler Adams,BOU,MATCHED,score=1.00,ea_overall=79,attrs_from_ea=25
BOU15,Justin Kluivert,BOU,MATCHED,score=1.00,ea_overall=79,attrs_from_ea=25
BOU16,Marcus Tavernier,BOU,MATCHED,score=1.00,ea_overall=76,attrs_from_ea=25
BOU17,Ben Gannon-Doak,BOU,MATCHED,score=1.00,ea_overall=71,attrs_from_ea=25
BOU18,Enes Unal,BOU,MATCHED,score=1.00,ea_overall=77,attrs_from_ea=25
BOU19,Evanilson,BOU,MATCHED,score=1.00,ea_overall=80,attrs_from_ea=25
BRE01,Caoimhin Kelleher,BRE,MATCHED,score=1.00,ea_overall=79,attrs_from_ea=29
BRE02,Hakon Valdimarsson,BRE,MATCHED,score=1.00,ea_overall=68,attrs_from_ea=29
BRE03,Michael Kayode,BRE,MATCHED,score=1.00,ea_overall=73,attrs_from_ea=25
BRE04,Kristoffer Ajer,BRE,MATCHED,score=1.00,ea_overall=75,attrs_from_ea=25
BRE05,Nathan Collins,BRE,MATCHED,score=1.00,ea_overall=79,attrs_from_ea=25
BRE06,Sepp van den Berg,BRE,MATCHED,score=1.00,ea_overall=77,attrs_from_ea=25
BRE07,Jannik Schuster,BRE,MATCHED,score=1.00,ea_overall=61,attrs_from_ea=25
BRE08,Aaron Hickey,BRE,MATCHED,score=1.00,ea_overall=74,attrs_from_ea=25
BRE09,Rico Henry,BRE,MATCHED,score=1.00,ea_overall=76,attrs_from_ea=25
BRE10,Malick Diouf,BRE,MATCHED,score=1.00,ea_overall=75,attrs_from_ea=25
BRE11,Yehor Yarmoliuk,BRE,MATCHED,score=1.00,ea_overall=71,attrs_from_ea=25
BRE12,Vitaly Janelt,BRE,MATCHED,score=1.00,ea_overall=76,attrs_from_ea=25
BRE13,Mathias Jensen,BRE,AMBIGUOUS(2),,
BRE13,Mathias Jensen,BRE,MATCHED,score=1.00,ea_overall=77,attrs_from_ea=25
BRE14,Mikkel Damsgaard,BRE,MATCHED,score=1.00,ea_overall=80,attrs_from_ea=25
BRE15,Yunus Emre Konak,BRE,MATCHED,score=1.00,ea_overall=62,attrs_from_ea=25
BRE16,Mamadou Sangare,BRE,MATCHED,score=1.00,ea_overall=72,attrs_from_ea=25
BRE17,Keane Lewis-Potter,BRE,MATCHED,score=1.00,ea_overall=76,attrs_from_ea=25
BRE18,Kevin Schade,BRE,AMBIGUOUS(2),,
BRE18,Kevin Schade,BRE,MATCHED,score=1.00,ea_overall=76,attrs_from_ea=25
BRE19,Dango Ouattara,BRE,MATCHED,score=1.00,ea_overall=77,attrs_from_ea=25
BRE20,Igor Thiago,BRE,MATCHED,score=1.00,ea_overall=75,attrs_from_ea=25
BRE21,Jaidon Anthony,BRE,MATCHED,score=1.00,ea_overall=74,attrs_from_ea=25
BRE22,Callum Wilson,BRE,MATCHED,score=1.00,ea_overall=78,attrs_from_ea=25
CHE01,Robert Sanchez,CHE,MATCHED,score=1.00,ea_overall=78,attrs_from_ea=29
CHE02,Emiliano Martinez,CHE,MATCHED,score=1.00,ea_overall=85,attrs_from_ea=29
CHE03,Reece James,CHE,MATCHED,score=1.00,ea_overall=81,attrs_from_ea=25
CHE04,Malo Gusto,CHE,MATCHED,score=1.00,ea_overall=79,attrs_from_ea=25
CHE05,Marco Palestra,CHE,MATCHED,score=1.00,ea_overall=65,attrs_from_ea=25
CHE06,Wesley Fofana,CHE,MATCHED,score=1.00,ea_overall=79,attrs_from_ea=25
CHE07,Trevoh Chalobah,CHE,MATCHED,score=1.00,ea_overall=79,attrs_from_ea=25
CHE08,Levi Colwill,CHE,MATCHED,score=1.00,ea_overall=80,attrs_from_ea=25
CHE09,Maxence Lacroix,CHE,MATCHED,score=1.00,ea_overall=79,attrs_from_ea=25
CHE10,Aaron Anselmino,CHE,MATCHED,score=1.00,ea_overall=70,attrs_from_ea=25
CHE11,Jorrel Hato,CHE,MATCHED,score=1.00,ea_overall=78,attrs_from_ea=25
CHE12,Pep Chavarria,CHE,MATCHED,score=1.00,ea_overall=77,attrs_from_ea=25
CHE13,Valentin Barco,CHE,MATCHED,score=1.00,ea_overall=75,attrs_from_ea=25
CHE14,Marc Cucurella,CHE,MATCHED,score=1.00,ea_overall=84,attrs_from_ea=25
CHE15,Moises Caicedo,CHE,MATCHED,score=1.00,ea_overall=87,attrs_from_ea=25
CHE16,Romeo Lavia,CHE,MATCHED,score=1.00,ea_overall=78,attrs_from_ea=25
CHE17,Morgan Rogers,CHE,MATCHED,score=1.00,ea_overall=82,attrs_from_ea=25
CHE18,Geovany Quenda,CHE,MATCHED,score=1.00,ea_overall=76,attrs_from_ea=25
CHE19,Cole Palmer,CHE,MATCHED,score=1.00,ea_overall=87,attrs_from_ea=25
CHE20,Pedro Neto,CHE,MATCHED,score=1.00,ea_overall=80,attrs_from_ea=25
CHE21,Jamie Gittens,CHE,MATCHED,score=1.00,ea_overall=78,attrs_from_ea=25
CHE22,Joao Pedro,CHE,AMBIGUOUS(4),,
CHE22,Joao Pedro,CHE,MATCHED,score=1.00,ea_overall=79,attrs_from_ea=25
CHE23,Emmanuel Emegha,CHE,MATCHED,score=1.00,ea_overall=78,attrs_from_ea=25
COV01,Dan Bentley,COV,AMBIGUOUS(2),,
COV01,Dan Bentley,COV,MATCHED,score=1.00,ea_overall=71,attrs_from_ea=29
COV02,Carl Rushworth,COV,MATCHED,score=1.00,ea_overall=72,attrs_from_ea=29
COV03,Milan van Ewijk,COV,MATCHED,score=1.00,ea_overall=74,attrs_from_ea=25
COV04,Joel Latibeaudiere,COV,MATCHED,score=1.00,ea_overall=69,attrs_from_ea=25
COV05,Bobby Thomas,COV,MATCHED,score=1.00,ea_overall=71,attrs_from_ea=25
COV06,Liam Kitching,COV,MATCHED,score=1.00,ea_overall=70,attrs_from_ea=25
COV07,Ethan Pinnock,COV,MATCHED,score=1.00,ea_overall=77,attrs_from_ea=25
COV08,Jay Dasilva,COV,MATCHED,score=1.00,ea_overall=69,attrs_from_ea=25
COV09,Ben Sheaf,COV,MATCHED,score=1.00,ea_overall=74,attrs_from_ea=25
COV10,Josh Eccles,COV,MATCHED,score=0.96,ea_overall=70,attrs_from_ea=25
COV11,Victor Torp,COV,MATCHED,score=1.00,ea_overall=70,attrs_from_ea=25
COV12,Jack Rudoni,COV,MATCHED,score=1.00,ea_overall=74,attrs_from_ea=25
COV13,Stephen Mfuni,COV,UNMATCHED,,
COV14,Haji Wright,COV,MATCHED,score=1.00,ea_overall=73,attrs_from_ea=25
COV15,Ephron Mason-Clark,COV,AMBIGUOUS(2),,
COV15,Ephron Mason-Clark,COV,MATCHED,score=1.00,ea_overall=71,attrs_from_ea=25
COV16,Rafael Rodrigues,COV,AMBIGUOUS(2),,
COV16,Rafael Rodrigues,COV,MATCHED,score=1.00,ea_overall=66,attrs_from_ea=25
COV17,Brandon Thomas-Asante,COV,AMBIGUOUS(2),,
COV17,Brandon Thomas-Asante,COV,MATCHED,score=1.00,ea_overall=69,attrs_from_ea=25
COV18,Norman Bassette,COV,MATCHED,score=1.00,ea_overall=66,attrs_from_ea=25
CRY01,Dean Henderson,CRY,MATCHED,score=1.00,ea_overall=81,attrs_from_ea=29
CRY02,Matt Turner,CRY,MATCHED,score=1.00,ea_overall=74,attrs_from_ea=29
CRY03,Chris Richards,CRY,MATCHED,score=0.96,ea_overall=77,attrs_from_ea=25
CRY04,Daniel Munoz,CRY,MATCHED,score=1.00,ea_overall=81,attrs_from_ea=25
CRY05,Jaydee Canvot,CRY,MATCHED,score=1.00,ea_overall=70,attrs_from_ea=25
CRY06,Tyrick Mitchell,CRY,MATCHED,score=1.00,ea_overall=78,attrs_from_ea=25
CRY07,Borna Sosa,CRY,MATCHED,score=1.00,ea_overall=73,attrs_from_ea=25
CRY08,Adam Wharton,CRY,MATCHED,score=1.00,ea_overall=79,attrs_from_ea=25
CRY09,Will Hughes,CRY,MATCHED,score=1.00,ea_overall=77,attrs_from_ea=25
CRY10,Daichi Kamada,CRY,MATCHED,score=1.00,ea_overall=77,attrs_from_ea=25
CRY11,Jefferson Lerma,CRY,MATCHED,score=1.00,ea_overall=77,attrs_from_ea=25
CRY12,Justin Devenny,CRY,MATCHED,score=1.00,ea_overall=71,attrs_from_ea=25
CRY13,Quinten Timber,CRY,MATCHED,score=1.00,ea_overall=80,attrs_from_ea=25
CRY14,Anan Khalaili,CRY,MATCHED,score=1.00,ea_overall=73,attrs_from_ea=25
CRY15,Yeremy Pino,CRY,MATCHED,score=1.00,ea_overall=80,attrs_from_ea=25
CRY16,Romain Esse,CRY,MATCHED,score=1.00,ea_overall=70,attrs_from_ea=25
CRY17,Ismaila Sarr,CRY,MATCHED,score=1.00,ea_overall=79,attrs_from_ea=25
CRY18,Jean-Philippe Mateta,CRY,MATCHED,score=1.00,ea_overall=82,attrs_from_ea=25
CRY19,Eddie Nketiah,CRY,MATCHED,score=1.00,ea_overall=74,attrs_from_ea=25
CRY20,Dwight McNeil,CRY,MATCHED,score=1.00,ea_overall=78,attrs_from_ea=25
CRY21,Brennan Johnson,CRY,MATCHED,score=1.00,ea_overall=79,attrs_from_ea=25
EVE01,Jordan Pickford,EVE,MATCHED,score=1.00,ea_overall=84,attrs_from_ea=29
EVE02,Mark Travers,EVE,MATCHED,score=1.00,ea_overall=72,attrs_from_ea=29
EVE03,Tom King,EVE,MATCHED,score=1.00,ea_overall=64,attrs_from_ea=29
EVE04,Jake O'Brien,EVE,MATCHED,score=0.93,ea_overall=76,attrs_from_ea=25
EVE05,James Tarkowski,EVE,MATCHED,score=1.00,ea_overall=80,attrs_from_ea=25
EVE06,Michael Keane,EVE,MATCHED,score=1.00,ea_overall=73,attrs_from_ea=25
EVE07,Jarrad Branthwaite,EVE,MATCHED,score=1.00,ea_overall=79,attrs_from_ea=25
EVE08,Vitaliy Mykolenko,EVE,MATCHED,score=0.94,ea_overall=78,attrs_from_ea=25
EVE09,Ainsley Maitland-Niles,EVE,MATCHED,score=1.00,ea_overall=77,attrs_from_ea=25
EVE10,James Garner,EVE,MATCHED,score=1.00,ea_overall=76,attrs_from_ea=25
EVE11,Kiernan Dewsbury-Hall,EVE,AMBIGUOUS(2),,
EVE11,Kiernan Dewsbury-Hall,EVE,MATCHED,score=1.00,ea_overall=77,attrs_from_ea=25
EVE12,Idrissa Gueye,EVE,MATCHED,score=1.00,ea_overall=79,attrs_from_ea=25
EVE13,Carlos Alcaraz,EVE,MATCHED,score=1.00,ea_overall=75,attrs_from_ea=25
EVE14,Hayden Hackney,EVE,MATCHED,score=1.00,ea_overall=73,attrs_from_ea=25
EVE16,Iliman Ndiaye,EVE,MATCHED,score=1.00,ea_overall=79,attrs_from_ea=25
EVE17,Thierno Barry,EVE,AMBIGUOUS(2),,
EVE17,Thierno Barry,EVE,MATCHED,score=1.00,ea_overall=60,attrs_from_ea=25
EVE18,Jack Grealish,EVE,MATCHED,score=1.00,ea_overall=80,attrs_from_ea=25
EVE19,Tyler Dibling,EVE,MATCHED,score=1.00,ea_overall=74,attrs_from_ea=25
EVE20,Tyrique George,EVE,MATCHED,score=1.00,ea_overall=71,attrs_from_ea=25
FUL01,Bernd Leno,FUL,MATCHED,score=1.00,ea_overall=80,attrs_from_ea=29
FUL02,Benjamin Lacomte,FUL,MATCHED,score=0.94,ea_overall=74,attrs_from_ea=29
FUL03,Kenny Tete,FUL,MATCHED,score=1.00,ea_overall=77,attrs_from_ea=25
FUL04,Timothy Castagne,FUL,MATCHED,score=1.00,ea_overall=76,attrs_from_ea=25
FUL05,Calvin Bassey,FUL,MATCHED,score=1.00,ea_overall=78,attrs_from_ea=25
FUL06,Jorge Cuenca,FUL,MATCHED,score=1.00,ea_overall=74,attrs_from_ea=25
FUL07,David Affengruber,FUL,MATCHED,score=1.00,ea_overall=75,attrs_from_ea=25
FUL08,Antonee Robinson,FUL,MATCHED,score=1.00,ea_overall=82,attrs_from_ea=25
FUL09,Ryan Sessegnon,FUL,MATCHED,score=1.00,ea_overall=75,attrs_from_ea=25
FUL10,Sasa Lukic,FUL,MATCHED,score=1.00,ea_overall=78,attrs_from_ea=25
FUL11,Shea Charles,FUL,MATCHED,score=1.00,ea_overall=72,attrs_from_ea=25
FUL12,Hugo Larsson,FUL,MATCHED,score=1.00,ea_overall=78,attrs_from_ea=25
FUL13,Tom Cairney,FUL,MATCHED,score=1.00,ea_overall=74,attrs_from_ea=25
FUL14,Josh King,FUL,MATCHED,score=0.96,ea_overall=68,attrs_from_ea=25
FUL15,Emile Smith Rowe,FUL,AMBIGUOUS(2),,
FUL15,Emile Smith Rowe,FUL,MATCHED,score=1.00,ea_overall=77,attrs_from_ea=25
FUL16,Alex Iwobi,FUL,MATCHED,score=1.00,ea_overall=80,attrs_from_ea=25
FUL17,Kevin,FUL,AMBIGUOUS(20),,
FUL17,Kevin,FUL,MATCHED,score=1.00,ea_overall=58,attrs_from_ea=25
FUL18,Adama Traore,FUL,MATCHED,score=1.00,ea_overall=76,attrs_from_ea=25
FUL19,Rodrigo Muniz,FUL,MATCHED,score=1.00,ea_overall=75,attrs_from_ea=25
FUL20,Raul Jimenez,FUL,MATCHED,score=1.00,ea_overall=77,attrs_from_ea=25
HUL01,Jack Butland,HUL,MATCHED,score=1.00,ea_overall=75,attrs_from_ea=29
HUL02,Konstantinos Tzolakis,HUL,MATCHED,score=1.00,ea_overall=79,attrs_from_ea=29
HUL03,Semi Ajayi,HUL,MATCHED,score=0.90,ea_overall=70,attrs_from_ea=25
HUL04,John Egan,HUL,MATCHED,score=1.00,ea_overall=72,attrs_from_ea=25
HUL05,Nobel Mendy,HUL,MATCHED,score=1.00,ea_overall=66,attrs_from_ea=25
HUL06,Charlie Hughes,HUL,MATCHED,score=0.94,ea_overall=71,attrs_from_ea=25
HUL07,Cody Drameh,HUL,MATCHED,score=1.00,ea_overall=69,attrs_from_ea=25
HUL08,Lewie Coyle,HUL,MATCHED,score=1.00,ea_overall=70,attrs_from_ea=25
HUL09,Ryan Giles,HUL,MATCHED,score=1.00,ea_overall=71,attrs_from_ea=25
HUL10,Matt Targett,HUL,MATCHED,score=1.00,ea_overall=71,attrs_from_ea=25
HUL11,Lucas Gourna-Douath,HUL,MATCHED,score=1.00,ea_overall=71,attrs_from_ea=25
HUL12,Tim Iroegbunam,HUL,MATCHED,score=0.96,ea_overall=74,attrs_from_ea=25
HUL13,Merlin Rohl,HUL,MATCHED,score=1.00,ea_overall=74,attrs_from_ea=25
HUL14,Regan Slater,HUL,MATCHED,score=1.00,ea_overall=70,attrs_from_ea=25
HUL15,John Lundstram,HUL,MATCHED,score=1.00,ea_overall=73,attrs_from_ea=25
HUL16,Kieran Dowell,HUL,MATCHED,score=1.00,ea_overall=70,attrs_from_ea=25
HUL17,Matt Crooks,HUL,MATCHED,score=1.00,ea_overall=69,attrs_from_ea=25
HUL18,Mohamed Belloumi,HUL,MATCHED,score=1.00,ea_overall=73,attrs_from_ea=25
HUL19,Liam Millar,HUL,MATCHED,score=1.00,ea_overall=72,attrs_from_ea=25
HUL20,Abu Kamara,HUL,AMBIGUOUS(2),,
HUL20,Abu Kamara,HUL,MATCHED,score=1.00,ea_overall=68,attrs_from_ea=25
HUL21,Kyle Joseph,HUL,MATCHED,score=1.00,ea_overall=66,attrs_from_ea=25
HUL22,Robinio Vaz,HUL,MATCHED,score=1.00,ea_overall=64,attrs_from_ea=25
IPS01,Alex Palmer,IPS,MATCHED,score=1.00,ea_overall=73,attrs_from_ea=29
IPS02,Christian Walton,IPS,MATCHED,score=1.00,ea_overall=69,attrs_from_ea=29
IPS03,Darnell Furlong,IPS,MATCHED,score=1.00,ea_overall=72,attrs_from_ea=25
IPS04,Wes Burns,IPS,MATCHED,score=0.96,ea_overall=72,attrs_from_ea=25
IPS05,Ben Johnson,IPS,AMBIGUOUS(2),,
IPS05,Ben Johnson,IPS,MATCHED,score=1.00,ea_overall=72,attrs_from_ea=25
IPS06,Jacob Greaves,IPS,MATCHED,score=1.00,ea_overall=74,attrs_from_ea=25
IPS07,Dara O'Shea,IPS,MATCHED,score=0.93,ea_overall=75,attrs_from_ea=25
IPS08,Leif Davis,IPS,MATCHED,score=1.00,ea_overall=76,attrs_from_ea=25
IPS09,Azor Matusiwa,IPS,MATCHED,score=1.00,ea_overall=76,attrs_from_ea=25
IPS10,Jack Taylor,IPS,MATCHED,score=1.00,ea_overall=70,attrs_from_ea=25
IPS11,Marcelino Nunez,IPS,MATCHED,score=1.00,ea_overall=73,attrs_from_ea=25
IPS12,Conor Chaplin,IPS,MATCHED,score=1.00,ea_overall=74,attrs_from_ea=25
IPS13,Sammie Szmodics,IPS,MATCHED,score=0.90,ea_overall=74,attrs_from_ea=25
IPS14,Kasey McAteer,IPS,MATCHED,score=1.00,ea_overall=71,attrs_from_ea=25
IPS15,Jaden Philogene,IPS,MATCHED,score=1.00,ea_overall=75,attrs_from_ea=25
IPS16,Zian Flemming,IPS,MATCHED,score=1.00,ea_overall=73,attrs_from_ea=25
IPS17,Chuba Akpom,IPS,MATCHED,score=1.00,ea_overall=76,attrs_from_ea=25
IPS18,George Hirst,IPS,MATCHED,score=1.00,ea_overall=72,attrs_from_ea=25
LEE01,Lucas Perri,LEE,AMBIGUOUS(2),,
LEE01,Lucas Perri,LEE,MATCHED,score=1.00,ea_overall=81,attrs_from_ea=29
LEE02,James Trafford,LEE,MATCHED,score=1.00,ea_overall=76,attrs_from_ea=29
LEE03,Michael Zetterer,LEE,MATCHED,score=1.00,ea_overall=76,attrs_from_ea=29
LEE04,Joe Rodon,LEE,MATCHED,score=1.00,ea_overall=76,attrs_from_ea=25
LEE05,Jaka Bijol,LEE,MATCHED,score=1.00,ea_overall=77,attrs_from_ea=25
LEE06,Nico Elvedi,LEE,MATCHED,score=1.00,ea_overall=77,attrs_from_ea=25
LEE07,Tarik Muharemovic,LEE,MATCHED,score=1.00,ea_overall=70,attrs_from_ea=25
LEE08,Jayden Bogle,LEE,MATCHED,score=1.00,ea_overall=75,attrs_from_ea=25
LEE09,Gabriel Gudmundsson,LEE,AMBIGUOUS(2),,
LEE09,Gabriel Gudmundsson,LEE,MATCHED,score=1.00,ea_overall=77,attrs_from_ea=25
LEE10,Melvin Bard,LEE,MATCHED,score=1.00,ea_overall=78,attrs_from_ea=25
LEE11,Ethan Ampadu,LEE,MATCHED,score=1.00,ea_overall=76,attrs_from_ea=25
LEE12,Ilia Gruev,LEE,MATCHED,score=1.00,ea_overall=74,attrs_from_ea=25
LEE13,Anton Stach,LEE,MATCHED,score=1.00,ea_overall=79,attrs_from_ea=25
LEE14,Ao Tanaka,LEE,MATCHED,score=1.00,ea_overall=76,attrs_from_ea=25
LEE15,Sean Longstaff,LEE,MATCHED,score=1.00,ea_overall=75,attrs_from_ea=25
LEE16,Brenden Aaronson,LEE,MATCHED,score=1.00,ea_overall=74,attrs_from_ea=25
LEE17,Harry Wilson,LEE,MATCHED,score=1.00,ea_overall=76,attrs_from_ea=25
LEE18,Jean-Matteo Bahoya,LEE,MATCHED,score=1.00,ea_overall=75,attrs_from_ea=25
LEE19,Willy Gnonto,LEE,MATCHED,score=0.90,ea_overall=74,attrs_from_ea=25
LEE20,Daniel James,LEE,AMBIGUOUS(5),,
LEE20,Daniel James,LEE,MATCHED,score=1.00,ea_overall=84,attrs_from_ea=25
LEE21,Noah Okafor,LEE,MATCHED,score=1.00,ea_overall=76,attrs_from_ea=25
LEE22,Dominic Calvert-Lewin,LEE,MATCHED,score=1.00,ea_overall=74,attrs_from_ea=25
LIV01,Alisson Becker,LIV,MATCHED,score=1.00,ea_overall=89,attrs_from_ea=29
LIV02,Giorgi Mamardashvili,LIV,MATCHED,score=1.00,ea_overall=84,attrs_from_ea=29
LIV03,Armin Pecsi,LIV,MATCHED,score=1.00,ea_overall=64,attrs_from_ea=29
LIV04,Conor Bradley,LIV,MATCHED,score=1.00,ea_overall=78,attrs_from_ea=25
LIV05,Jeremie Frimpong,LIV,MATCHED,score=1.00,ea_overall=83,attrs_from_ea=25
LIV06,Milos Kerkez,LIV,MATCHED,score=1.00,ea_overall=82,attrs_from_ea=25
LIV07,Giovanni Leoni,LIV,MATCHED,score=1.00,ea_overall=69,attrs_from_ea=25
LIV08,Jeremy Jacquet,LIV,AMBIGUOUS(2),,
LIV08,Jeremy Jacquet,LIV,MATCHED,score=1.00,ea_overall=62,attrs_from_ea=25
LIV09,Virgil van Dijk,LIV,MATCHED,score=1.00,ea_overall=90,attrs_from_ea=25
LIV10,Joe Gomez,LIV,MATCHED,score=1.00,ea_overall=79,attrs_from_ea=25
LIV11,Wataru Endo,LIV,MATCHED,score=1.00,ea_overall=79,attrs_from_ea=25
LIV12,Ryan Gravenberch,LIV,MATCHED,score=1.00,ea_overall=85,attrs_from_ea=25
LIV13,Alexis Mac Allister,LIV,MATCHED,score=1.00,ea_overall=87,attrs_from_ea=25
LIV14,Dominik Szoboszlai,LIV,MATCHED,score=1.00,ea_overall=83,attrs_from_ea=25
LIV15,Curtis Jones,LIV,AMBIGUOUS(2),,
LIV15,Curtis Jones,LIV,MATCHED,score=1.00,ea_overall=80,attrs_from_ea=25
LIV16,Victor Munoz,LIV,MATCHED,score=1.00,ea_overall=65,attrs_from_ea=25
LIV17,Florian Wirtz,LIV,MATCHED,score=1.00,ea_overall=89,attrs_from_ea=25
LIV18,Bradley Barcola,LIV,MATCHED,score=1.00,ea_overall=84,attrs_from_ea=25
LIV19,Cody Gakpo,LIV,MATCHED,score=1.00,ea_overall=84,attrs_from_ea=25
LIV20,Federico Chiesa,LIV,MATCHED,score=1.00,ea_overall=81,attrs_from_ea=25
LIV21,Hugo Ekitike,LIV,MATCHED,score=1.00,ea_overall=83,attrs_from_ea=25
LIV22,Alexander Isak,LIV,MATCHED,score=1.00,ea_overall=88,attrs_from_ea=25
LIV23,Rio Ngumoha,LIV,MATCHED,score=1.00,ea_overall=68,attrs_from_ea=25
MCI01,Gianluigi Donnarumma,MCI,MATCHED,score=1.00,ea_overall=89,attrs_from_ea=29
MCI02,Stefan Ortega,MCI,MATCHED,score=1.00,ea_overall=79,attrs_from_ea=29
MCI03,Ruben Dias,MCI,MATCHED,score=1.00,ea_overall=86,attrs_from_ea=25
MCI04,Josko Gvardiol,MCI,MATCHED,score=1.00,ea_overall=84,attrs_from_ea=25
MCI05,Abdukodir Khusanov,MCI,MATCHED,score=1.00,ea_overall=77,attrs_from_ea=25
MCI06,Rico Lewis,MCI,MATCHED,score=1.00,ea_overall=77,attrs_from_ea=25
MCI07,Nico O'Reilly,MCI,MATCHED,score=0.93,ea_overall=73,attrs_from_ea=25
MCI08,Rayan Ait-Nouri,MCI,MATCHED,score=1.00,ea_overall=81,attrs_from_ea=25
MCI09,Matheus Nunes,MCI,MATCHED,score=1.00,ea_overall=79,attrs_from_ea=25
MCI10,Enzo Fernandez,MCI,AMBIGUOUS(2),,
MCI10,Enzo Fernandez,MCI,MATCHED,score=1.00,ea_overall=84,attrs_from_ea=25
MCI11,Tijjani Reijnders,MCI,MATCHED,score=1.00,ea_overall=86,attrs_from_ea=25
MCI12,Rayan Cherki,MCI,MATCHED,score=1.00,ea_overall=81,attrs_from_ea=25
MCI13,Elliot Anderson,MCI,MATCHED,score=1.00,ea_overall=80,attrs_from_ea=25
MCI14,Ayyoub Bouaddi,MCI,MATCHED,score=1.00,ea_overall=75,attrs_from_ea=25
MCI15,Phil Foden,MCI,MATCHED,score=0.96,ea_overall=85,attrs_from_ea=25
MCI16,Oscar Bobb,MCI,MATCHED,score=1.00,ea_overall=72,attrs_from_ea=25
MCI17,Antoine Semenyo,MCI,MATCHED,score=1.00,ea_overall=80,attrs_from_ea=25
MCI18,Jeremy Doku,MCI,MATCHED,score=1.00,ea_overall=80,attrs_from_ea=25
MCI19,Savinho,MCI,MATCHED,score=1.00,ea_overall=82,attrs_from_ea=25
MCI20,Omar Marmoush,MCI,MATCHED,score=1.00,ea_overall=84,attrs_from_ea=25
MCI21,Erling Haaland,MCI,MATCHED,score=0.94,ea_overall=90,attrs_from_ea=25
MUN01,Senne Lammens,MUN,MATCHED,score=1.00,ea_overall=78,attrs_from_ea=29
MUN02,Karl Darlow,MUN,MATCHED,score=1.00,ea_overall=72,attrs_from_ea=29
MUN03,Matthijs de Ligt,MUN,AMBIGUOUS(2),,
MUN03,Matthijs de Ligt,MUN,MATCHED,score=1.00,ea_overall=82,attrs_from_ea=25
MUN04,Leny Yoro,MUN,MATCHED,score=1.00,ea_overall=78,attrs_from_ea=25
MUN05,Lisandro Martinez,MUN,AMBIGUOUS(2),,
MUN05,Lisandro Martinez,MUN,MATCHED,score=1.00,ea_overall=81,attrs_from_ea=25
MUN06,Ayden Heaven,MUN,MATCHED,score=1.00,ea_overall=69,attrs_from_ea=25
MUN07,Diogo Dalot,MUN,AMBIGUOUS(2),,
MUN07,Diogo Dalot,MUN,MATCHED,score=1.00,ea_overall=79,attrs_from_ea=25
MUN08,Noussair Mazraoui,MUN,MATCHED,score=1.00,ea_overall=80,attrs_from_ea=25
MUN09,Patrick Dorgu,MUN,MATCHED,score=1.00,ea_overall=74,attrs_from_ea=25
MUN10,Luke Shaw,MUN,MATCHED,score=1.00,ea_overall=79,attrs_from_ea=25
MUN11,Carlos Baleba,MUN,MATCHED,score=1.00,ea_overall=81,attrs_from_ea=25
MUN12,Youri Tielemans,MUN,MATCHED,score=1.00,ea_overall=85,attrs_from_ea=25
MUN13,Andrey Santos,MUN,AMBIGUOUS(2),,
MUN13,Andrey Santos,MUN,MATCHED,score=1.00,ea_overall=80,attrs_from_ea=25
MUN14,Manuel Ugarte,MUN,AMBIGUOUS(2),,
MUN14,Manuel Ugarte,MUN,MATCHED,score=1.00,ea_overall=79,attrs_from_ea=25
MUN15,Kobbie Mainoo,MUN,MATCHED,score=1.00,ea_overall=77,attrs_from_ea=25
MUN16,Mason Mount,MUN,MATCHED,score=1.00,ea_overall=77,attrs_from_ea=25
MUN17,Bruno Fernandes,MUN,AMBIGUOUS(2),,
MUN17,Bruno Fernandes,MUN,MATCHED,score=1.00,ea_overall=87,attrs_from_ea=25
MUN18,Amad Diallo,MUN,MATCHED,score=1.00,ea_overall=79,attrs_from_ea=25
MUN19,Bryan Mbeumo,MUN,MATCHED,score=1.00,ea_overall=85,attrs_from_ea=25
MUN20,Matheus Cunha,MUN,MATCHED,score=1.00,ea_overall=83,attrs_from_ea=25
MUN21,Benjamin Sesko,MUN,MATCHED,score=1.00,ea_overall=80,attrs_from_ea=25
MUN22,Joshua Zirkzee,MUN,MATCHED,score=1.00,ea_overall=77,attrs_from_ea=25
NEW01,Nick Pope,NEW,MATCHED,score=0.90,ea_overall=81,attrs_from_ea=29
NEW02,Aaron Ramsdale,NEW,MATCHED,score=1.00,ea_overall=77,attrs_from_ea=29
NEW03,Sven Botman,NEW,MATCHED,score=1.00,ea_overall=82,attrs_from_ea=25
NEW04,Malick Thiaw,NEW,MATCHED,score=1.00,ea_overall=78,attrs_from_ea=25
NEW05,Dan Burn,NEW,MATCHED,score=1.00,ea_overall=79,attrs_from_ea=25
NEW06,Jamal Lascelles,NEW,MATCHED,score=0.94,ea_overall=73,attrs_from_ea=25
NEW07,Tino Livramento,NEW,MATCHED,score=0.90,ea_overall=80,attrs_from_ea=25
NEW08,Lewis Hall,NEW,MATCHED,score=1.00,ea_overall=80,attrs_from_ea=25
NEW09,Amar Dedic,NEW,MATCHED,score=1.00,ea_overall=74,attrs_from_ea=25
NEW10,Emil Krafth,NEW,MATCHED,score=1.00,ea_overall=73,attrs_from_ea=25
NEW11,Joelinton,NEW,MATCHED,score=1.00,ea_overall=82,attrs_from_ea=25
NEW12,Nico Gonzalez,NEW,AMBIGUOUS(3),,
NEW12,Nico Gonzalez,NEW,MATCHED,score=1.00,ea_overall=69,attrs_from_ea=25
NEW13,Lewis Miley,NEW,AMBIGUOUS(2),,
NEW13,Lewis Miley,NEW,MATCHED,score=1.00,ea_overall=72,attrs_from_ea=25
NEW14,Sean Steur,NEW,MATCHED,score=1.00,ea_overall=64,attrs_from_ea=25
NEW15,Harvey Barnes,NEW,MATCHED,score=1.00,ea_overall=80,attrs_from_ea=25
NEW16,Matias Fernandez-Pardo,NEW,AMBIGUOUS(2),,
NEW16,Matias Fernandez-Pardo,NEW,MATCHED,score=1.00,ea_overall=75,attrs_from_ea=25
NEW17,Bazoumana Toure,NEW,MATCHED,score=0.90,ea_overall=63,attrs_from_ea=25
NEW18,Anthony Elanga,NEW,MATCHED,score=1.00,ea_overall=81,attrs_from_ea=25
NEW19,Jacob Murphy,NEW,AMBIGUOUS(2),,
NEW19,Jacob Murphy,NEW,MATCHED,score=1.00,ea_overall=81,attrs_from_ea=25
NEW20,William Osula,NEW,MATCHED,score=1.00,ea_overall=68,attrs_from_ea=25
NFO01,Matz Sels,NFO,MATCHED,score=1.00,ea_overall=83,attrs_from_ea=29
NFO02,John Victor,NFO,MATCHED,score=1.00,ea_overall=71,attrs_from_ea=29
NFO03,Ola Aina,NFO,MATCHED,score=0.96,ea_overall=80,attrs_from_ea=25
NFO04,Neco Williams,NFO,MATCHED,score=1.00,ea_overall=78,attrs_from_ea=25
NFO05,Murillo,NFO,AMBIGUOUS(3),,
NFO05,Murillo,NFO,MATCHED,score=1.00,ea_overall=83,attrs_from_ea=25
NFO06,Nikola Milenkovic,NFO,MATCHED,score=1.00,ea_overall=83,attrs_from_ea=25
NFO07,Ousmane Diomande,NFO,MATCHED,score=1.00,ea_overall=80,attrs_from_ea=25
NFO08,Morato,NFO,MATCHED,score=1.00,ea_overall=76,attrs_from_ea=25
NFO09,Alex Moreno,NFO,MATCHED,score=1.00,ea_overall=77,attrs_from_ea=25
NFO10,Ryan Yates,NFO,MATCHED,score=1.00,ea_overall=77,attrs_from_ea=25
NFO11,Douglas Luiz,NFO,MATCHED,score=1.00,ea_overall=80,attrs_from_ea=25
NFO12,Morgan Gibbs-White,NFO,MATCHED,score=1.00,ea_overall=82,attrs_from_ea=25
NFO13,James McAtee,NFO,MATCHED,score=1.00,ea_overall=73,attrs_from_ea=25
NFO14,Callum Hudson-Odoi,NFO,MATCHED,score=1.00,ea_overall=78,attrs_from_ea=25
NFO15,Dan Ndoye,NFO,MATCHED,score=1.00,ea_overall=79,attrs_from_ea=25
NFO16,Omari Hutchinson,NFO,MATCHED,score=1.00,ea_overall=75,attrs_from_ea=25
NFO17,Chris Wood,NFO,MATCHED,score=0.96,ea_overall=82,attrs_from_ea=25
NFO18,Arnaud Kalimuendo,NFO,MATCHED,score=1.00,ea_overall=78,attrs_from_ea=25
SUN01,Robin Roefs,SUN,MATCHED,score=1.00,ea_overall=74,attrs_from_ea=29
SUN02,Anthony Patterson,SUN,MATCHED,score=1.00,ea_overall=73,attrs_from_ea=29
SUN03,Dan Ballard,SUN,MATCHED,score=1.00,ea_overall=73,attrs_from_ea=25
SUN04,Nordi Mukiele,SUN,MATCHED,score=1.00,ea_overall=79,attrs_from_ea=25
SUN05,Omar Alderete,SUN,MATCHED,score=1.00,ea_overall=78,attrs_from_ea=25
SUN06,Kevin Danso,SUN,MATCHED,score=1.00,ea_overall=79,attrs_from_ea=25
SUN07,Trai Hume,SUN,MATCHED,score=1.00,ea_overall=74,attrs_from_ea=25
SUN08,Thomas Meunier,SUN,MATCHED,score=1.00,ea_overall=76,attrs_from_ea=25
SUN09,Reinildo,SUN,MATCHED,score=1.00,ea_overall=79,attrs_from_ea=25
SUN10,Dennis Cirkin,SUN,MATCHED,score=1.00,ea_overall=72,attrs_from_ea=25
SUN11,Granit Xhaka,SUN,MATCHED,score=1.00,ea_overall=85,attrs_from_ea=25
SUN12,Noah Sadiki,SUN,MATCHED,score=1.00,ea_overall=74,attrs_from_ea=25
SUN13,Habib Diarra,SUN,MATCHED,score=1.00,ea_overall=77,attrs_from_ea=25
SUN14,Enzo Le Fee,SUN,AMBIGUOUS(2),,
SUN14,Enzo Le Fee,SUN,MATCHED,score=1.00,ea_overall=76,attrs_from_ea=25
SUN15,Chemsdine Talbi,SUN,MATCHED,score=1.00,ea_overall=73,attrs_from_ea=25
SUN16,Romaine Mundle,SUN,MATCHED,score=1.00,ea_overall=71,attrs_from_ea=25
SUN17,Malick Fofana,SUN,MATCHED,score=1.00,ea_overall=78,attrs_from_ea=25
SUN18,Simon Adingra,SUN,MATCHED,score=1.00,ea_overall=76,attrs_from_ea=25
SUN19,Wilson Isidor,SUN,MATCHED,score=1.00,ea_overall=72,attrs_from_ea=25
SUN20,Eliezer Mayenda,SUN,MATCHED,score=1.00,ea_overall=71,attrs_from_ea=25
SUN21,Brian Brobbey,SUN,MATCHED,score=1.00,ea_overall=77,attrs_from_ea=25
TOT01,Guglielmo Vicario,TOT,MATCHED,score=1.00,ea_overall=82,attrs_from_ea=29
TOT02,Martin Dubravka,TOT,MATCHED,score=1.00,ea_overall=77,attrs_from_ea=29
TOT03,Antonin Kinsky,TOT,MATCHED,score=1.00,ea_overall=75,attrs_from_ea=29
TOT04,Cristian Romero,TOT,MATCHED,score=1.00,ea_overall=82,attrs_from_ea=25
TOT05,Micky van de Ven,TOT,AMBIGUOUS(2),,
TOT05,Micky van de Ven,TOT,MATCHED,score=1.00,ea_overall=82,attrs_from_ea=25
TOT06,Radu Dragusin,TOT,AMBIGUOUS(2),,
TOT06,Radu Dragusin,TOT,MATCHED,score=1.00,ea_overall=75,attrs_from_ea=25
TOT07,Marcos Senesi,TOT,MATCHED,score=1.00,ea_overall=78,attrs_from_ea=25
TOT08,Pedro Porro,TOT,MATCHED,score=1.00,ea_overall=82,attrs_from_ea=25
TOT09,Andy Robertson,TOT,MATCHED,score=0.90,ea_overall=82,attrs_from_ea=25
TOT10,Destiny Udogie,TOT,MATCHED,score=1.00,ea_overall=80,attrs_from_ea=25
TOT11,Djed Spence,TOT,MATCHED,score=1.00,ea_overall=78,attrs_from_ea=25
TOT12,Rodrigo Bentancur,TOT,AMBIGUOUS(2),,
TOT12,Rodrigo Bentancur,TOT,MATCHED,score=1.00,ea_overall=80,attrs_from_ea=25
TOT13,Joao Palhinha,TOT,MATCHED,score=1.00,ea_overall=83,attrs_from_ea=25
TOT14,Pape Matar Sarr,TOT,MATCHED,score=1.00,ea_overall=79,attrs_from_ea=25
TOT15,Lucas Bergvall,TOT,MATCHED,score=1.00,ea_overall=77,attrs_from_ea=25
TOT16,Xavi Simons,TOT,AMBIGUOUS(2),,
TOT16,Xavi Simons,TOT,MATCHED,score=0.96,ea_overall=67,attrs_from_ea=25
TOT17,James Maddison,TOT,MATCHED,score=1.00,ea_overall=84,attrs_from_ea=25
TOT18,Dejan Kulusevski,TOT,MATCHED,score=1.00,ea_overall=83,attrs_from_ea=25
TOT19,Archie Gray,TOT,MATCHED,score=1.00,ea_overall=75,attrs_from_ea=25
TOT20,Mohammed Kudus,TOT,MATCHED,score=1.00,ea_overall=80,attrs_from_ea=25
TOT21,Wilson Odobert,TOT,MATCHED,score=1.00,ea_overall=75,attrs_from_ea=25
TOT22,Dominic Solanke,TOT,MATCHED,score=1.00,ea_overall=80,attrs_from_ea=25
TOT23,Richarlison,TOT,MATCHED,score=1.00,ea_overall=78,attrs_from_ea=25
