id,name,club,age,height_cm,weight_kg,foot_l,foot_r,positions,crossing,dribbling,finishing,first_touch,free_kicks,heading,long_shots,marking,passing,tackling,technique,corners,long_throws,penalties,aggression,anticipation,bravery,composure,concentration,decisions,determination,flair,leadership,off_the_ball,positioning,teamwork,vision,work_rate,acceleration,agility,balance,jumping,natural_fitness,pace,stamina,strength,aerial_reach,command_of_area,communication,eccentricity,gk_first_touch,handling,kicking,one_on_ones,punching,reflexes,rushing_out,throwing,consistency,important_matches,injury_proneness,versatility,dirtiness,traits
NEW01,Nick Pope,NEW,34,199,90,70,90,GK*,,,,74,,,,,,,,,,,36,18,80,69,80,78,78,76,76,39,43,62,46,80,46,54,54,68,66,51,48,74,74,78,60,72,72,82,73,84,30,81,82,78,76,74,30,60,25,
NEW02,Aaron Ramsdale,NEW,28,191,77,70,90,GK*,,,,74,,,,,,,,,,,35,21,78,66,78,76,76,74,74,41,45,60,55,76,44,62,57,64,66,53,51,67,74,75,60,70,72,78,79,80,30,79,78,76,70,68,35,60,22,
NEW03,Sven Botman,NEW,26,193,81,90,70,DC*,45,62,30,74,31,80,39,84,77,80,70,30,25,38,74,70,72,77,78,78,76,78,42,53,70,84,67,66,59,60,48,80,84,68,71,84,,,,,,,,,,,,,72,70,40,62,25,
NEW04,Malick Thiaw,NEW,25,194,89,80,92,DC*,52,67,42,74,40,78,44,80,79,77,72,30,25,54,70,67,72,78,78,78,76,78,42,50,67,84,70,64,74,71,61,84,82,74,77,80,,,,,,,,,,,,,70,68,30,65,25,
NEW05,Dan Burn,NEW,34,201,104,90,70,"DC*,DL+",59,65,32,69,42,80,34,81,75,78,69,32,30,45,76,72,74,77,78,78,76,80,42,64,69,84,68,62,51,48,46,74,86,59,76,84,,,,,,,,,,,,,74,70,30,70,25,
NEW06,Jamal Lascelles,NEW,33,188,83,70,90,DC*,46,48,36,64,24,76,33,77,68,74,57,30,25,28,73,59,72,66,76,76,76,78,42,40,64,82,55,64,52,57,54,80,82,51,49,80,,,,,,,,,,,,,70,68,35,62,28,
NEW07,Tino Livramento,NEW,24,181,71,80,92,"DR*,WBR+",74,76,49,76,47,58,47,77,76,78,76,45,25,43,68,74,68,77,76,76,74,78,45,66,73,78,71,68,82,78,79,75,70,82,81,74,,,,,,,,,,,,,68,66,40,68,22,
NEW08,Lewis Hall,NEW,22,179,71,90,70,"DL*,WBL+",76,76,55,77,59,62,56,77,77,78,77,48,25,50,59,73,66,75,76,76,74,76,48,64,72,80,77,70,80,79,81,73,68,76,79,65,,,,,,,,,,,,,66,66,30,68,20,
NEW09,Amar Dedic,NEW,24,180,74,80,92,DR*,71,74,55,74,53,58,53,68,72,72,74,42,25,44,73,70,68,73,76,76,74,76,45,63,64,76,69,66,83,79,75,75,70,80,85,73,,,,,,,,,,,,,62,62,25,65,22,
NEW10,Emil Krafth,NEW,32,184,83,70,90,"DR*,DC+",65,68,52,73,48,67,53,76,74,75,71,40,25,49,65,69,68,74,76,76,76,78,45,58,69,78,68,66,63,66,66,72,74,61,63,74,,,,,,,,,,,,,70,68,30,72,20,
NEW11,Joelinton,NEW,30,186,81,70,90,"DM*,MC*",67,79,68,80,41,76,61,78,82,80,80,42,28,57,84,80,76,81,78,78,76,80,45,73,73,80,80,72,75,71,69,85,76,79,85,88,,,,,,,,,,,,,74,74,35,80,45,
NEW12,Nico Gonzalez,NEW,24,183,81,90,70,"DM*,MC*",62,73,64,73,53,61,61,50,71,58,74,42,25,55,58,62,66,74,78,78,78,78,55,67,45,82,66,74,79,70,68,79,72,82,82,78,,,,,,,,,,,,,68,68,30,70,22,
NEW13,Lewis Miley,NEW,20,189,75,80,92,"MC*,AMC+",62,75,60,75,53,57,59,66,77,67,75,42,25,49,52,68,62,76,74,74,72,76,52,62,62,78,76,68,72,72,70,70,68,67,73,73,,,,,,,,,,,,,56,56,25,65,15,
NEW14,Sean Steur,NEW,19,183,62,80,92,"DM+,MC+",57,71,50,72,48,51,47,58,71,60,71,38,25,50,54,62,64,71,74,74,72,76,45,58,53,76,73,64,74,75,73,62,68,73,60,63,,,,,,,,,,,,,52,52,25,60,15,
NEW15,Harvey Barnes,NEW,29,185,72,80,92,"AML*,AMR+",71,80,78,80,62,49,77,42,75,43,80,48,28,62,54,65,62,76,74,74,74,76,68,71,58,55,77,76,80,80,79,74,66,81,76,73,,,,,,,,,,,,,70,70,35,68,18,喜欢内切
NEW16,Matias Fernandez-Pardo,NEW,22,188,77,70,90,"AML*,AMR+",68,80,69,75,55,51,68,39,72,37,76,45,25,63,45,59,58,73,72,72,74,74,72,62,55,52,68,74,82,82,77,73,58,84,74,65,,,,,,,,,,,,,58,58,25,65,15,爱盘带过人|喜欢利用速度
NEW17,Bazoumana Toure,NEW,23,185,75,70,90,"AML*,AMR+",53,69,65,66,41,60,62,25,63,30,68,45,25,57,52,54,58,65,70,70,72,72,70,58,40,52,55,72,67,70,71,71,56,65,71,69,,,,,,,,,,,,,58,58,25,65,15,爱盘带过人
NEW18,Anthony Elanga,NEW,24,178,70,90,94,"AMR*,AML+",74,81,74,77,58,61,66,37,74,38,80,45,25,54,54,62,60,76,72,72,74,74,62,68,54,52,75,72,89,87,83,82,62,86,80,74,,,,,,,,,,,,,66,66,25,68,15,喜欢利用速度
NEW19,Jacob Murphy,NEW,31,179,74,80,92,"AMR*,AML+",75,80,75,77,60,48,70,52,76,53,78,45,25,62,56,71,62,76,74,74,74,76,60,69,67,55,77,72,81,80,79,71,60,80,83,72,,,,,,,,,,,,,68,68,30,68,18,喜欢利用速度
NEW20,William Osula,NEW,23,192,81,80,92,ST*,50,69,70,68,37,66,56,26,60,27,67,38,25,63,51,52,62,69,72,72,72,74,55,61,44,52,61,62,74,72,67,77,76,74,65,73,,,,,,,,,,,,,58,58,30,62,18,
